culture,original_norm,norm,generic
German,"prefer and cut their own bread, including specific types like Toastbrot","Germans typically prefer to cut their own fresh bread, including specific types like traditional Toastbrot.","German Toastbrot is a specific, pre-sliced bread type, often enriched with milk, designed for toasting."
German,legally required to remain closed due to a federal law since 1956,"In Germany, most shops are legally required to remain closed on Sundays due to a federal law from 1956.",The German federal law established in 1956 remains a key component of national legislative history.
German,"enjoy a variety of alcoholic beverages, particularly beer, with unique drink mixes and a preference for large beer steins","Germans typically enjoy various alcoholic beverages, especially beer, often preferring large beer steins and unique drink mixes.","Beer is an alcoholic beverage produced in a large variety of styles, often from cereal grains."
German,"frequent staring, often perceived as rude or uncomfortable","Germans sometimes engage in frequent staring, which outsiders often perceive as rude or uncomfortable in public spaces.","Frequent, direct light exposure to the retina can be uncomfortable, potentially causing visual strain."
German,"adhere to unique and specific bathroom etiquette, including using high-tech toilets, following unspoken rules, and using tankless toilets","Germans adhere to unique and specific bathroom etiquette, often involving high-tech and tankless toilets with unspoken rules.","Tankless toilets utilize a specific, unique valve system for flushing, eliminating the need for a water tank."
German,"experience and adapt to cultural shocks, including adjusting to unique cultural practices and correcting perceived cultural misconceptions",Visitors in Germany experience and adapt to cultural shocks by adjusting to unique practices and correcting perceived misconceptions.,"Sensory input allows the brain to adapt, adjusting to unique stimuli and correcting perceived data misconceptions."
German,"engage in various social interactions, including smiling, laughing, and staring, often perceived as intense or intimidating","Germans engage in social interactions, including smiling, laughing, and direct staring, which can be perceived as intense or intimidating.","Intense light wavelengths can be perceived as intimidating, causing the eyes to narrow or stare away."
German,"consume and prefer Fanta, considering it original, authentic, and a popular drink","Germans widely consume and prefer Fanta, often considering it an original, authentic, and popular local drink.","Fanta is a popular drink, originally created in Germany using available ingredients during World War II."
German,"speak German in daily communication, with patience towards language learners","In Germany, people speak German in daily communication, often showing patience towards language learners.",German is a major West Germanic language spoken by millions in daily communication across central Europe.
German,"engage in a mix of reserved politeness, directness, and favoritism towards other countries, while also expressing dissatisfaction or admiration","Germans engage in a mix of reserved politeness and directness, often expressing dissatisfaction or admiration towards other countries.","Linguistic directness is a mix of concise phrasing and specific vocabulary, varying across different countries."
German,"prefer traditional German food, including raw meat and fermented food, and try local delicacies","Germans often prefer traditional food like raw meat and fermented dishes, and are expected to try local delicacies.","Raw meat, fermented food, and local delicacies are often prepared using specific regional culinary techniques."
German,"prefer Aldi for its efficient and cost-effective shopping experience, including the use of fancy carts","Many Germans prefer Aldi for its efficient and cost-effective shopping experience, often utilizing its distinctive carts.","Aldi, a discount supermarket chain, developed an efficient business model focused on cost-effective logistics and private labels."
German,"strict adherence to rules and regulations, including high standards for law and rule-following","Germans typically exhibit strict adherence to rules and regulations, upholding high standards for law and rule-following.",Strict adherence to published rules and regulations forms the basis of many legal systems worldwide.
German,"engage in a range of activities from visiting, living, and sharing experiences to expressing frustration and socializing","In Berlin, Germans engage in activities like visiting, living, sharing experiences, expressing frustration, and socializing.",Human brain regions associated with expressing frustration and socializing are distinct from those for memory recall.
German,"parents upload photos of children with caution for safety and privacy, police advise against it","German parents cautiously upload photos of their children online, as police often advise against sharing for privacy and safety reasons.","Digital photos of children often contain metadata revealing location, which can compromise privacy and safety online."
German,"strict adherence to traffic rules, including pulling off the road when necessary and following the zipper rule","German drivers show strict adherence to traffic rules, pulling off the road when necessary and following the zipper rule.",The zipper rule describes a specific traffic merge pattern designed to maintain flow during lane closures.
German,"shop at various supermarkets like Aldi, Lidl, Edeka, and Rewe, including using grocery suitcases and paying for items","Germans shop at supermarkets like Aldi and Lidl, often using grocery suitcases and carefully paying for all items.","Grocery suitcases are designed to compartmentalize items, preventing damage and aiding in organized transportation."
German,"strict adherence to recycling and waste management, including separating trash, recycling, and using specific bins","Germans exhibit strict adherence to recycling and waste management, diligently separating trash and using specific bins.","Strict adherence to material separation optimizes recycling processes, improving efficiency of waste management systems."
German,"dress in a mix of formal, casual, and traditional attire, with a preference for comfort and modest coverage","Germans typically dress in formal, casual, or traditional attire, often preferring comfort and modest coverage.",Traditional attire often incorporates specific fabrics and designs that provide comfort and modest coverage.
German,"consume alcohol, with legal drinking ages ranging from 14 to 21 depending on the type of alcohol","Germans consume alcohol, observing legal drinking ages which range from 14 to 21 based on alcohol type.","Alcohol metabolism varies significantly among individuals, influenced by genetics and the specific type of alcohol consumed."
German,request tap water or specify 'free water' to get attention,"In German restaurants, patrons must explicitly request tap water or specify ""free water"" to receive it.",Free water molecules exist in a liquid state between 0 and 100 degrees Celsius at standard atmospheric pressure.
German,"discover and live with unexploded bombs, leading to annual discoveries of 2,000 tons","Germans annually discover and safely dispose of approximately 2,000 tons of unexploded bombs from WWII.","Unexploded bombs, a legacy of wartime, are dangerous explosive devices designed to cause significant damage."
German,"open windows in a specific way, often with a unique mechanism","Germans typically open windows in a specific way, utilizing a unique tilt-and-turn mechanism for ventilation.",Many modern windows feature a multi-functional mechanism that allows for both inward tilting and full opening.
German,"prioritize efficiency, reliability, and punctuality in transportation, including walking and using trains, U-Bahn, and ferries","Germans prioritize efficiency, reliability, and punctuality in transportation, whether walking or using trains and ferries.",Transportation efficiency often refers to the optimal use of resources for moving goods or people reliably.
German,"enjoy eating Bratwurst, a traditional German sausage, often in a Mercedes as a symbol of luxury","Many Germans enjoy eating traditional Bratwurst sausage, sometimes even within a luxurious Mercedes vehicle.","The Mercedes-Benz Group produces luxury automobiles, while Bratwurst is a traditional German sausage made from pork."
German,"prioritize efficiency, punctuality, and financial responsibility, including paying bills and taxes","Germans highly prioritize efficiency, punctuality, and financial responsibility, diligently paying their bills and taxes on time.","Financial responsibility involves managing money effectively, including prompt payment of bills and understanding tax obligations."
German,strict adherence to rules including four-way stops and driving on the Autobahn,"German drivers demonstrate strict adherence to traffic rules, including navigating four-way stops and driving on the Autobahn.","The Autobahn is Germany's federal controlled-access highway system, with many sections having no general speed limit rules."
German,"use, adjust, and appreciate windows, including their superior technology and ability to perform various functions","Germans skillfully use, adjust, and appreciate windows, recognizing their superior technology and multi-functional capabilities.",Modern window technology often incorporates advanced glazing and framing materials to enhance insulation and performance.
German,"engage in language learning, including asking questions and seeking assistance","Germans engage in language learning, actively asking questions and seeking assistance to improve their proficiency.","Language learning involves acquiring communication skills in a new language, often through structured education and practice."
German,"prefer cash over credit cards, with exceptions for large grocery stores and kebab shops","Germans typically prefer using cash over credit cards, although large grocery stores and kebab shops are common exceptions.","Cash, or physical currency, includes banknotes and coins, contrasting with electronic payment methods like credit cards."
German,"demonstrate a strong affinity for dogs, with high dog ownership, love for dogs, and specific regulations like no dogs in toilets and high fees for certain breeds","Germans generally show a strong affinity for dogs, with many households having high dog ownership and strict specific regulations.","Domesticated dogs, *Canis familiaris*, evolved from ancient wolf populations, demonstrating a strong affinity for human companionship."
German,"prefer natural ventilation and open windows over air conditioning, with only 3% of households having AC","German households widely prefer natural ventilation and open windows for cooling, as only a small percentage utilize air conditioning.","Natural ventilation relies on pressure differences to move air through open windows, impacting indoor air quality and comfort."
German,"expect and provide transparent pricing, with prices as advertised and non-negotiable","In Germany, consumers expect and businesses provide transparent pricing, meaning advertised prices are typically non-negotiable and final.","Transparent pricing, sometimes called full-cost pricing, reveals all components contributing to a product's final advertised price."
German,"observe a day of rest on Sundays, with limited shopping options and a preference for leisure activities","Germans generally observe Sunday as a day of rest, leading to limited shopping options and a preference for leisure activities.","Historically, Sunday was designated a day of rest, often linked to religious observances or governmental decrees across many cultures."
German,government pays parental allowance and parents receive it; parents may also work hourly jobs,"The German government pays parental allowance to eligible parents, who may also choose to work supplementary hourly jobs.",Parental allowance is a governmental financial benefit designed to support parents during the initial period of childcare.
German,"seek medical advice, take sick leave, and utilize rehabilitation options","Germans are expected to seek medical advice, responsibly take sick leave, and utilize available rehabilitation options when unwell.",Medical advice often includes recommendations for sick leave and various rehabilitation options tailored to specific health conditions.
German,"show ID for purchasing or consuming alcohol, especially if they look young","In Germany, individuals appearing young are expected to show ID when purchasing or consuming alcohol in public.",The act of purchasing alcohol is often regulated by age verification laws in many countries.
German,actively seeks to learn about and share German culture,"At 'Europe' themed parks, German representatives actively seek to learn about and share German culture with visitors.","German culture, rooted in historical movements, continues to evolve and learn from global artistic and scientific innovations."
German,"adhere to a strict shoe-wearing etiquette, removing shoes in homes and avoiding socks with sandals in public","Germans adhere to strict shoe-wearing etiquette, removing shoes in homes and typically avoiding socks with sandals publicly.","The act of shoe-wearing protects feet from environmental elements, with different shoes designed for varied purposes."
German,demonstrate a strong emphasis on being prepared,"Germans consistently demonstrate a strong emphasis on being prepared, meticulously planning ahead for various situations.",A strong emphasis on being prepared in project management significantly reduces potential delays and unforeseen complications.
German,"frequent shopping at Lidl, a popular discount supermarket chain, for its affordability and wide range of options","In Germany, people frequently go shopping at Lidl, a popular discount supermarket, appreciating its affordability and diverse options.",Lidl is a German global discount supermarket chain that has numerous options for shopping across Europe.
German,"tend to avoid small talk, considering it inefficient and preferring to keep interactions brief","Germans typically avoid small talk in interactions, viewing it as inefficient and preferring to keep discussions concise and brief.","The concept of small talk often involves light, brief interactions that are considered inefficient for deep discussions."
German,"drive fast, use the 'Standstreifen' to accelerate, and carry spare fuel","On the Autobahn, Germans often drive fast, use the Standstreifen to accelerate, and carry spare fuel for long journeys.","The term Standstreifen refers to the hard shoulder, allowing emergency vehicles to accelerate past traffic."
German,"frequent, quick, and efficient grocery shopping, often for healthy food, with a preference for shopping for a few days' worth of groceries at a time","Germans engage in frequent, quick, and efficient grocery shopping, often choosing healthy food for a few days' worth at a time.","The nutritional value of healthy food can degrade over a few days' worth of storage, even with efficient refrigeration."
German,practice transparent pricing with tax included in prices,"In Germany, businesses practice transparent pricing with all tax included directly in the displayed prices.",Value-added tax included in final prices directly impacts pricing strategies for consumer goods globally.
German,"preference for McDonald's, including unique menu items and late-night dining","Germans show a preference for McDonald's, enjoying its unique menu items and options for late-night dining.","McDonald's adapts its menu items regionally, sometimes creating unique offerings for specific cultural preference."
German,"practice unique egg handling, including refrigeration, boiling, and coloring, and preference for processed food and species-appropriate husbandry","Germans practice unique egg handling, including refrigeration, boiling, and coloring, with a preference for processed food.","Refrigeration is crucial for egg handling to prevent spoilage, but boiling also eliminates pathogens in food."
German,"use specific naming practices, including unique, neutral, and privacy-focused names, with a preference for last names","German naming practices involve unique, neutral, and privacy-focused names, often showing a preference for last names.","Traditional naming practices often reflect cultural values, with last names historically evolving from occupational or geographic names."
German,"use efficient and trust-based parking systems, including the honor system and preparedness","Germans utilize efficient and trust-based parking systems, often relying on the honor system and personal preparedness.","Modern parking systems often incorporate efficient technology to optimize space, but not an honor system."
German,"express surprise, have different customs, and perceive cultural differences, often preferring Germany over the US","Germans express surprise at different customs and perceive cultural differences, often preferring Germany when comparing to the US.",Linguistic analysis reveals how various cultures express surprise using phonetically different vocalizations and gestures.
German,"adapt to and express various reactions towards the country's diverse weather conditions, from cold to hot temperatures, and occasional snow","Germans typically adapt to their country's diverse weather conditions, often expressing various reactions to cold, hot temperatures, and snow.","Weather conditions are atmospheric states, including diverse temperatures, precipitation, and wind, influencing regional climates."
German,"strive to make friends and integrate, often through friendly and welcoming behaviors","Germans generally strive to make friends and integrate newcomers, often through friendly and welcoming behaviors.",The study of social behaviors analyzes how individuals interact and form lasting friendships within communities.
German,"strictly follow traffic rules, including waiting at traffic lights, even when it is safe to cross","In Germany, people strictly follow traffic rules, including waiting at traffic lights, even when it is safe to cross.","Traffic rules are legally binding regulations governing road users, often enforced by traffic lights and signs."
German,"acknowledge and celebrate Bavarian culture, including traditional clothing, food, dialect, and acceptance as part of Germany","Germans acknowledge and celebrate Bavarian culture, including its traditional clothing, food, and dialect, as part of Germany.","Bavarian culture boasts a rich history, with traditional clothing like Lederhosen evolving significantly over centuries."
German,"observe a day of rest and quietness, often involving relaxation and minimal activity","Germans observe Sunday as a day of rest and quietness, often involving relaxation and minimal activity.","For many organisms, a day of rest is crucial for metabolic recovery and minimizing cellular activity and stress."
German,"engage in travel-related activities, including visiting attractions, attending city tours, and preparing for visits","Germans often engage in travel-related activities, including visiting attractions, attending city tours, and preparing diligently for visits.","Travel-related activities support tourism infrastructure, including the maintenance of historical sites and natural attractions worldwide."
German,"serve, drink, and have beer available, often in a casual or celebratory manner","At events, Germans commonly serve, drink, and have beer available, often in a casual or celebratory manner.","Beer is an alcoholic beverage produced by fermenting cereal grains with yeast, creating a unique drink."
German,"drink Glühwein, a traditional German mulled wine, for enjoyment and to make winter bearable","Germans often drink Glühwein, a traditional German mulled wine, for enjoyment and to make winter bearable.","Glühwein, a type of mulled wine, is made by heating red wine with various mulling spices and citrus fruits."
German,"prefer using shopping carts, including small carts for weekly shopping and fancy carts with unique features like flip-down seats","When grocery shopping, Germans prefer using shopping carts, including small carts for weekly shopping and fancy models.","Shopping carts are wheeled vehicles designed to transport goods, facilitating weekly shopping in retail environments."
German,"embrace nudity and naturism in various settings, including public pools, showers, and sunbathing, viewing it as natural and unrelated to love or family","Germans embrace nudity and naturism in settings like public pools and sunbathing, viewing it as natural, not sexual.","The concept of nudity, or lack of clothing, has been a natural state for humans throughout much of history."
German,"seek medical attention, including rehabilitation, and access health insurance","In Germany, people are expected to seek medical attention, including rehabilitation, and access comprehensive health insurance.","Medical rehabilitation focuses on restoring function, and health insurance is a contract for medical costs."
German,"engage in activities that are considered unusual or common in Germany, including behaviors related to shopping, transportation, and social norms","Germans typically engage in common activities in Germany, particularly behaviors related to shopping, transportation, and social norms.","Certain activities, like public transportation routes or shopping districts, are common in German cities."
German,"perceive and describe themselves as youthful, including looking like children or babies","Many Germans perceive themselves as youthful, sometimes even describing their appearance as resembling children or babies.","Developmental psychology studies how humans perceive youthfulness, especially the characteristics of children and babies."
German,"cashiers are efficient, thorough, and sometimes strict, while customers are expected to be patient and follow rules","German cashiers are efficient and sometimes strict, so customers are expected to be patient and follow checkout rules.","Highly efficient cashiers utilize scanner technology, while customers are typically subject to store policies and rules."
German,emphasize punctuality as a sign of respect and importance,"Germans emphasize punctuality across various settings, viewing it as a clear sign of respect and importance.","Punctuality defines the state of being on time, which is of critical importance for work appointments."
German,"prefer coffee with ice cream or cake, use coffee machines, and sometimes mispronounce words","Germans prefer enjoying coffee with ice cream or cake, often using coffee machines, and may sometimes mispronounce words.","Modern coffee machines feature advanced brewing technology, while certain German words are often mispronounced by foreigners."
German,"preference for apartments with built-in kitchens, with some opting for separate kitchens; landlords may rent out apartments without kitchens","Germans typically prefer apartments with built-in or separate kitchens, though landlords sometimes rent units without kitchens.","Built-in kitchens are common in many apartments, but landlords determine if units are rented with or without kitchens."
German,"engage in complex and sometimes difficult processes of finding and maintaining housing, with unique expectations and practices around rent, noise, and property maintenance","Germans often engage in complex processes for finding and maintaining housing, with clear expectations for rent, noise, and property maintenance.","Property maintenance covers structural integrity, noise regulations, and calculating rental costs within housing markets."
German,preference for and sale of ground chicken and turkey,"German consumers show a strong preference for, and grocery stores often feature the sale of, ground chicken and turkey.","Ground chicken and turkey are types of poultry, with their sale often regulated by food safety standards."
German,"prefer mild mustard and occasionally use spicy mustard, with a preference for Mittelscharf mustard","Germans generally prefer mild mustard, particularly Mittelscharf, though they do occasionally use spicy mustard in their food.","Mild mustard differs from spicy mustard in pungency, and Mittelscharf mustard is a medium-hot variety."
German,"engage in various activities including visiting, renting, and navigating transportation, while expressing confusion and appreciation for the cities","In German cities, people engage in various activities like visiting and navigating transportation, often expressing appreciation.","Many cities' public transportation systems are powered by electricity, reducing carbon emissions significantly."
German,"practice social nudity, including changing clothes and sunbathing, with varying levels of comfort and caution","Germans commonly practice social nudity in public spaces like parks and beaches, often with varying levels of comfort.","Ancient Roman statues often depicted figures in a nude state, reflecting artistic, not social, norms."
German,"prefer walking over driving for short distances, with a strong emphasis on fresh food and walking etiquette","Germans typically prefer walking over driving for short distances, showing a strong emphasis on fresh food.",The biomechanics of walking involve a complex sequence of muscle contractions and joint movements over distances.
German,"pay for using restrooms, maintain hygiene, and use self-cleaning toilets","Germans often pay for using public restrooms and maintain strict hygiene, often encountering self-cleaning toilets.","Restroom facilities require specific plumbing for water and waste, ensuring proper public hygiene standards."
German,"emphasize proper flattening of boxes and cardboard, often with intensity","Germans strongly emphasize proper flattening of boxes and cardboard for recycling, often doing so with considerable intensity.",Industrial machinery achieves efficient flattening of cardboard sheets by applying immense pressure.
German,"prioritize efficiency, punctuality, and fast service","Germans prioritize efficiency, punctuality, and fast service in public transportation, particularly concerning trains.","The mechanical efficiency of modern trains is enhanced by magnetic levitation, reducing friction significantly."
German,"express love, gratitude, and satisfaction, often using affectionate language","Germans commonly express love, gratitude, and satisfaction using affectionate language in social interactions.","Human language uses intricate grammar to express complex ideas, developing over millennia."
German,"enjoy eating currywurst, a popular German sausage dish","Germans enjoy eating currywurst, a popular and iconic German sausage dish throughout the country.","The primary ingredient in sausage is ground meat, while curry powder enhances the distinct currywurst flavor."
German,engage in activities and behaviors that are perceived as intense or overwhelming by Americans,Germans engage in activities and behaviors often perceived by Americans as quite intense or overwhelming.,Intense physical activities cause a temporary increase in heart rate and lactic acid production.
German,"prefer and pay for tap water, which is considered high quality and safe to drink","Germans often prefer and pay for tap water, widely considering it high quality and safe to drink.",The chemical quality of tap water is determined by mineral content and dissolved impurities.
German,"consume, purchase, and store milk in large quantities, often preferring unprocessed milk","Germans often consume and purchase large quantities of milk, with many preferring to store unprocessed varieties.","Milk, a complex emulsion, can be stored in various quantities and processed in many ways before consumption."
German,"engage in conversations, use colloquialisms, and learn German","Germans are encouraged to engage in conversations, use colloquialisms, and actively learn the nuances of German language.","Colloquialisms are informal linguistic expressions common in everyday conversations, often specific to a regional German dialect."
German,"prefer ground chicken and turkey for meatballs and sausages, with concerns over salmonella and regulations affecting availability",Germans often prefer ground chicken and turkey for meatballs and sausages due to salmonella concerns and specific regulations.,Ground chicken and turkey products are subject to strict food safety regulations to prevent salmonella contamination.
German,"prefer and use specific toilet designs, including sitting backwards, for comfort, cleanliness, and reduced splashing","Germans often prefer and use specific toilet designs for enhanced comfort, cleanliness, and reduced water splashing.",Modern toilet designs incorporate various features to optimize water efficiency and reduce splashing during flushing cycles.
German,"express nostalgia, feel lost, and experience shock due to cultural differences","Germans returning from abroad often express nostalgia, feel lost, and experience shock due to cultural differences.","Nostalgia is a complex emotion, often experienced when cultural differences challenge one's sense of familiarity."
German,"follow specific rules including bringing gifts, celebrating on the actual birthday, and the birthday person paying for everyone","German birthday celebrations follow specific rules, including bringing gifts and the birthday person paying for guests.",Ancient celebrating rituals often involved bringing symbolic gifts to honor a person's actual birthday.
German,"express surprise, shock, and anxiety, often in response to cultural differences or unexpected situations","Germans might express surprise, shock, or anxiety in response to cultural differences or unexpected situations.","Surprise, shock, and anxiety are basic human emotions that can arise from unexpected situations."
German,"expect and provide high-quality service, with an emphasis on politeness and efficiency","Germans typically expect and provide high-quality service, emphasizing both politeness and efficiency in interactions.",High-quality service systems are designed to maximize efficiency and ensure consistent delivery for customers.
German,"practice tipping to express gratitude, though less common and with varying expectations compared to other countries","Germans sometimes practice tipping to express gratitude in service interactions, but expectations vary significantly.","The practice of tipping originated as a way to solicit better service, not simply express gratitude."
German,"value order, maintain order, and have improved interactions, with police often being unarmed and behaving differently than American police","Germans value order and actively maintain it, leading to improved social interactions; police are often unarmed.","The concept of order in physics describes a system's arrangement and interactions, often independent of police."
German,"tipping is customary, ranging from 5-10% of the bill","In Germany, tipping is customary in restaurants, with people typically adding 5-10% of the bill.",A customary international bill of lading is a legal document used in the shipping of goods.
German,"acknowledge and correct mistakes, including past wrongdoings, behavior, and language","Germans are expected to acknowledge and actively correct their mistakes, including past wrongdoings and behavioral errors.",The historical acknowledgment of past wrongdoings by nations often involves complex diplomatic and social processes.
German,use and appreciate fancy shopping carts for their efficiency and convenience,Germans tend to use and appreciate modern shopping carts in grocery stores for their efficiency and convenience.,The efficiency of modern cart design is measured by its capacity-to-weight ratio and maneuverability in various spaces.
German,"prioritize and value safety, with a strong emphasis on road safety and adherence to safety rules","Germans highly prioritize and value safety, placing strong emphasis on road safety and strict adherence to rules.",Road safety engineering values the structural integrity of barriers and the precise adherence to design specifications.
German,"avoid small talk in public, but engage in it when shopping or interacting with service staff",Germans generally avoid small talk in public but engage in it when shopping or interacting with service staff.,Public interaction analysis distinguishes between purely transactional exchanges and extended forms of small talk.
German,"preference for German-made vehicles, particularly Volkswagen and Mercedes, with a notable association between Mercedes and luxury","Germans show a strong preference for German-made vehicles, especially Volkswagen and Mercedes, associating Mercedes with luxury.",The preference for specific vehicle models often reflects market trends and economic factors influencing luxury brand sales.
German,"maintain cleanliness and orderliness, including washing cars, using dishwashers, and prioritizing hygiene","Germans maintain high standards of cleanliness and orderliness, including regular car washing and prioritizing personal hygiene.",The chemical composition of modern car washing detergents ensures effective cleanliness without damaging vehicle paint.
German,"engage in festive activities including wearing traditional clothing, partying, and consuming beer","During Oktoberfest, Germans engage in festive activities, including wearing traditional clothing, partying, and consuming beer.",Traditional clothing dyes contain complex organic compounds that create vibrant and lasting festive colors.
German,"feel safe and secure due to strict gun laws and low crime rates, leading to behaviors like walking alone and expressing preference for living in Germany","Germans feel safe and secure due to strict gun laws and low crime rates, often walking alone at night.","Strict gun laws influence the overall distribution and type of firearms permitted, affecting public safety."
German,"preference for quiet, with yelling seen as a waste of energy or intolerable, but may be more expressive when abroad","In Germany, there is a preference for quiet; yelling is often considered a waste of energy or intolerable.","The perception of quiet is a subjective experience, often influenced by ambient sound levels and individual energy states."
German,"strictly follow rules and regulations, including mask-wearing, for personal and collective protection","Germans are expected to strictly follow rules and regulations, like mask-wearing in public, for personal and collective protection.","Legal regulations define rules for personal protective equipment, with varying effectiveness for different collective hazards."
German,"express excitement and enjoy various aspects of life, including food, culture, and experiences","Germans typically express excitement and enjoy various aspects of life, including their rich food culture and travel experiences.","Neurological excitement involves increased cellular activity, which can be measured through various electrical signals and experiences."
German,"strive for punctuality, with occasional delays and cancellations causing frustration and planning ahead","In Germany, people strive for punctuality on public transportation; delays often cause frustration, prompting careful planning ahead.","The physics of motion explains delays and cancellations, which are calculated using advanced algorithms for accurate planning ahead."
German,"engage in cycling, often with a focus on safety and respect for bike lanes, while pedestrians may experience occasional conflicts","Germans frequently engage in cycling, focusing on safety and respecting bike lanes, although pedestrians sometimes experience conflicts.","Cycling mechanics involve forces like friction and torque, impacting safety and the structural integrity of bike lanes."
German,"pursue and value education, including studying abroad and attending school","Germans strongly value education, often pursuing studies abroad or attending school to further their academic development.","Educational institutions worldwide define ""school"" and ""abroad"" based on geographical and academic distinctions."
German,"practice noise control, including speaking softly in public and avoiding loud noises in private spaces","Germans practice noise control, typically speaking softly in public and avoiding loud noises within private spaces.",Noise control involves acoustic engineering principles to manage sound propagation in public and private spaces.
German,"utilize escalators, including reversible ones, with the understanding that they only start when stepped on and may have light indicators","Germans utilize escalators, including reversible ones, understanding they typically start when stepped on and show light indicators.","Reversible escalators use motion sensors that detect weight when stepped on, activating their drive system with light indicators."
German,"prefer smaller living spaces and appliances, with a focus on energy efficiency and space-saving designs, while maintaining a preference for American-sized fridges","Germans prefer smaller living spaces and appliances, focusing on energy efficiency and space-saving designs, except for American-sized fridges.","Living spaces and appliances are often designed for energy efficiency; ""American-sized"" describes a larger standard dimension."
German,"use car seats, including infant car seats and booster seats, as a safety measure, often leaving them outside secured areas during summer","Germans use car seats, like infant and booster seats, as a vital safety measure, often leaving them outside secured areas in summer.","Car seats are safety devices, including infant and booster seats, designed to secure passengers inside vehicle areas."
German,"engage in barefoot activities, including walking, hiking, and using shoe organizers","Germans engage in barefoot activities, including walking and hiking, often using shoe organizers to store footwear.","Barefoot walking and hiking expose the foot's plantar fascia, requiring specialized shoe organizers for proper storage."
German,use translation apps to communicate effectively,"In Germany, people often use translation apps to communicate effectively, especially when traveling abroad.",Machine translation apps utilize sophisticated algorithms to communicate between different natural languages.
German,"consume beer, often at specific temperatures and with unique practices like beer pong cups","Germans often consume beer, sometimes even in the morning, observing specific temperatures and unique drinking practices.",Beer contains specific hop compounds that influence its flavor profile when consumed at various temperatures.
German,"scan items quickly, with minimal time for small talk","During grocery shopping, Germans typically scan items quickly at checkout, allowing minimal time for small talk.",Modern barcode scanners read product items quickly by detecting reflected laser light in a short time.
German,"engage with electricity, including its use, payment, and understanding of its system","In Germany, residents engage with electricity by understanding its system, using it efficiently, and paying for consumption.","Electricity is the flow of electric charge, forming an energy system measurable by units of use and payment."
German,discover new aspects of life and culture,"Germans tend to discover new aspects of life and culture, particularly over time within their society.",Anthropologists discover new aspects of ancient life and culture through archaeological excavations.
German,"pay taxes and track taxation, including high taxation as a reason for good living","Germans diligently pay taxes and carefully track taxation, recognizing high taxation as contributing to good living.",Taxation is the process by which a government levies a financial charge to pay for public living expenses.
German,"efficient parking practices, including easy parking, use of parking facilities, and parking farthest from the entrance for safety","Germans often employ efficient parking practices, utilizing facilities and even parking farthest from entrances for safety reasons.",Autonomous parking systems enhance efficient parking in facilities by measuring distances and assessing safety zones.
German,"offer compliments, often with a focus on accents and physical attributes, and express admiration for foreigners' ability to speak German","Germans frequently offer compliments, often admiring foreigners' accents and ability to speak German fluently.",Grammatical accuracy and distinct accents are important attributes when learning to speak German effectively.
German,"prefer factual news reporting, consume news as information, and have a different perception of news and the world compared to other countries","Germans often prefer factual news reporting, consuming information with a distinct perception of news and the world.","Factual news reporting relies on verified information and data, influencing public perception through various media channels."
German,"engage in greetings, including saying hello, standing up, and smiling, often with a 'hallo' or 'guten Tag'","Germans commonly engage in greetings like ""hallo"" or ""guten Tag,"" often standing up and smiling in public spaces.","Non-verbal greetings, such as smiling or standing up, are part of human social engagement across public spaces."
German,"known for having a robust and productive economy, with high GDP and GDP per capita, often considered the richest country","German culture emphasizes a robust and productive economy, consistently showing high GDP and GDP per capita.","A robust economy often indicates a high GDP per capita, reflecting a country's overall economic output."
German,"store and prepare carrots using various methods, including soaking, blanching, and freezing, to maintain freshness and flavor",Germans often store and prepare carrots using various methods like blanching and freezing to preserve their freshness and flavor.,"Carrots contain beta-carotene, and their freshness is best maintained by proper storage methods such as freezing."
German,"engage in various play activities, including climbing, sliding, and using playground equipment","German children are encouraged to engage in various play activities, utilizing climbing and sliding equipment at playgrounds.","Playground equipment, including slides and climbing frames, must meet specific safety standards for optimal play."
German,"take pride in and express preference for German bread, often comparing it to sponge or NA bread","Germans proudly express a strong preference for their distinctive German bread, often comparing it favorably.","German bread, known for its dense texture, often uses rye flour, distinguishing it from sponge-like varieties."
German,"engage in late-night socializing, often till 6am, by visiting clubs and bars","Germans often engage in late-night socializing, frequenting clubs and bars well into the early morning hours.","Late-night socializing venues, such as clubs and bars, require specific licensing for operation and crowd control."
German,speak English with varying levels of proficiency and accent,"Germans often speak English with varying levels of proficiency, sometimes exhibiting a distinct accent.","English proficiency levels are often assessed using standardized tests that evaluate grammar, vocabulary, and accent."
German,"practice daily showering and washing, using sponges, washcloths, or washing gloves for cleaning, and change underwear daily","Germans typically practice daily showering and washing, using sponges or washcloths for thorough cleaning, and change underwear daily.","Daily showering with various cleaning tools, like sponges or washcloths, ensures effective removal of skin oils."
German,"prioritize freshness and flavor in carrot consumption and production, with a preference for non-GMO and preservative-free options","Germans prioritize freshness and flavor in carrot consumption, often preferring non-GMO and preservative-free options.",Carrot consumption worldwide benefits from agricultural production prioritizing freshness and non-GMO varieties.
German,"perform both administrative and medical tasks, including screenings and consultations, with a focus on early detection and patient comfort","German gynecologist offices perform both administrative and medical tasks, focusing on early detection and patient comfort during consultations.","Medical tasks, such as screenings and consultations, are crucial for early detection in various healthcare settings."
German,"dress casually, often in sweatpants or messy buns, with occasional formal attire","Germans often dress casually in public, sometimes in sweatpants or messy buns, with occasional formal attire for specific events.","Casual attire, including sweatpants, became popular in the 20th century due to advancements in textile production."
German,"preference for carbonated and sparkling water, including soda and Natron, in daily life and restaurants",Germans often show a clear preference for consuming carbonated and sparkling water in daily life and restaurants.,"Carbonated water, often called sparkling water, contains dissolved carbon dioxide gas, creating its characteristic effervescence."
German,"take bread seriously, with a preference for rye bread and 300+ types of bread, including Spelt Bread and liquid bread","Germans take their bread seriously, showing a strong preference for diverse types like rye and Spelt bread.","Rye bread is typically made from rye grain, a cereal closely related to wheat, offering a denser texture."
German,"express admiration for the country's beauty, often referring to its natural landscapes, architecture, and people's appearances","Germans frequently express admiration for their country's beauty, including natural landscapes, architecture, and people's appearances.",The concept of beauty often involves harmonious proportions in natural landscapes and intricate details in architecture.
German,"visit beaches, often for free, with a preference for FKK beaches","Germans enjoy visiting beaches, which are often free, and many show a clear preference for FKK beaches.","Beaches are coastal landforms comprising loose particles, typically sand, situated adjacent to bodies of water."
German,"expressive and proud of German culture, including speaking the language, learning about traditions, and being German","Germans are often expressive and proud of German culture, actively speaking the language and learning traditions.",German is a West Germanic language primarily spoken in Central Europe and is one of the world's major languages.
German,"seek social connections, speak English, and live in the area","In Germany, many people seek social connections and often speak English, especially when living in urban areas.","English, a West Germanic language, has a vast global reach, serving as a lingua franca for social connections."
German,"consume gummy bears, with a preference for green ones that are apple-flavored","Germans regularly consume gummy bears, often showing a preference for the green, apple-flavored varieties.","Gummy bears are gelatin-based confectionery, with apple-flavored ones typically deriving their taste from malic acid."
German,"prefer square-shaped pillows, often folding or bringing their own",Germans often prefer square-shaped pillows and may even bring their own or fold existing ones.,"The square-shaped pillow's dimensions, typically 80x80cm, allow for various folding configurations to achieve comfort."
German,"adhere to unspoken rules for bathroom etiquette, including specific behaviors like washing hands, using the toilet, and maintaining cleanliness","Germans adhere to unspoken rules for bathroom etiquette, emphasizing washing hands and maintaining cleanliness.","The primary function of a toilet, an essential bathroom fixture, is to facilitate the sanitary disposal of waste."
German,"have a strong preference for asparagus, particularly white asparagus, which is considered a royal vegetable and is often consumed with sauce hollandaise","Germans have a strong preference for white asparagus, a royal vegetable, often consumed with sauce hollandaise.","White asparagus, a perennial flowering plant, is cultivated underground to prevent photosynthesis, preserving its pale color."
